index,0
False_Connection,The news article does not directly create any false connection between the individuals discussing the origins of COVID-19 or misconstrue their statements with unrelated facts.
Misleading_Content,"The interaction implies that the debate remains unresolved and heated, which might mislead some readers to think the origins of the virus are equally uncertain. In reality, while the scientific consensus leans towards a natural origin, some individuals continue to question this due to different interpretations of available evidence."
False_Context,"The article could be perceived as suggesting that the original scientific article by Andersen et al. provides definitive support for a laboratory origin when, in fact, it strongly argues against it. The context of expert opinions may also be misplaced as equivalent in scientific validity."
Fabrication,There are no invented facts or quotes in the news article provided.
Satire_or_Parody,There is no use of satire or parody in the news article.
Manipulation,"The article utilizes quotes selectively to support the narrative of ongoing debate, potentially skewing the perception of equal standing between opposing views despite a prevailing scientific consensus."
Propaganda,The article doesn't appear to push a specific political agenda or ideology.
Biased,The article presents the views of scientists who support both sides of the laboratory-leak versus natural origin theory debate but might elevate the perceived legitimacy of the laboratory-leak argument despite its minority standing in the scientific community.
Inaccurate_Information,"While the article discusses contentious issues, it doesn't appear to present outright inaccurate information, though it does emphasize dissent more than consensus."
Unsubstantiated_Claims,"The accusation of scientific misconduct by Richard Ebright is a critical claim made without substantial evidence to verify the alleged fault of the authors of the original article, leaning heavily on personal opinion rather than concrete evidence."
Exaggeration,"Characterizing the Nature Medicine article's conclusions as 'scientific misconduct up to and including fraud' could be seen as an exaggeration of the disagreement over scientific interpretation, especially given the lack of consensus described."
